Bucket,Count,Total Weight,loan_id (Representative Value),monthly_reporting_period (Representative Value),current_actual_upb (Average),loan_age (Average),zero_flag (Average),current_interest_rate (Average),estimated_ltv (Average),msa (Representative Value),maturity_date (Representative Value),num_units (Average),occupancy_primary (Average),occupancy_investment (Average),orig_dti (Weighted Average),orig_upb (Average),orig_ltv (Weighted Average),orig_interest_rate (Weighted Average),prepayment_penalty (Average),property_type_co_cp (Average),property_type_mh (Average),property_type_pu (Average),postal_code (Average),incentive (Average),price_delta (Weighted Average),r_price_delta (Weighted Average)
"[-599, -392]",1983134,487576426098.0,F99Q30301453,2023-11-01,245861.563614965,41.28479669049091,0.0035842257759687445,2.691337781511487,43.06876183521501,28140.0,2029-10-01,1.0124298206777758,0.9524353876238317,0.015111938981430402,33.09388123841714,288775.1422748034,67.74309791605506,2.7057372657625813,0.0,0.06494719973536836,0.0026221122727964927,0.28218315050823595,544.1331306911183,-4.255221492092818,1.2480850333067697,124.30859389720732
"[-392, -347]",1999647,487576566039.0,F99Q30301453,2023-09-01,243831.31924734716,46.86781016849474,0.004244749198233489,2.993020048038479,45.84541348417543,28140.0,2029-10-01,1.018872368717816,0.9375359750996051,0.02821397976742895,33.96468292140184,283815.8730015848,71.3928657750805,2.9842460849075065,2.0003530623154987e-06,0.07167165004623316,0.0037046538714083036,0.27252059988587984,538.8060637702555,-3.698720729208705,1.2588096739878003,125.3817223565193
"[-347, -298]",2190881,487576641055.0,F99Q10037417,2000-06-01,222548.20825731748,57.948602411541295,0.004792136131537952,3.2999268449541534,44.77587878060716,47894.0,2014-02-01,1.0278338567966783,0.9124292921432063,0.05157149110335066,34.599171724679834,264014.42342144554,72.95841379198122,3.260280212731661,7.302998200267381e-06,0.07591055835529177,0.005021724137458858,0.2573718061364355,531.5249134937042,-3.251154707626749,1.312407831292836,130.74105604188335
"[-298, -222]",2503518,487576739162.0,F99Q10004667,2000-02-01,194756.6341292533,69.74346419718172,0.005822606428234189,3.7102648676782035,42.08752878383877,37964.0,2014-02-01,1.039056305391348,0.8871008716534093,0.0761756056876763,35.137766620571156,235077.7050534488,73.96631965081475,3.673966706885155,8.66780266808547e-05,0.07951530606131052,0.006235625228178907,0.23530807447759514,522.4171302143624,-2.6240791943577,1.4022409315303783,139.72476097573758
"[-222, -134]",2892586,487576540337.0,F99Q10000133,2000-06-01,168560.7758376069,56.442621239264795,0.0062342139524978685,4.235618280320792,44.08674608843007,35004.0,2029-03-01,1.035297729410695,0.9001713345774335,0.06786280511625238,34.545858452984255,200363.6700862135,71.80514955458658,4.272738285861471,0.0004981701494787018,0.06646371101844509,0.005866377006595483,0.18792250256345014,509.7384437156838,-1.7347280613264395,1.313712667836225,130.8723420102719
"[-134, -91]",3040786,487576546527.0,F99Q10000133,2000-02-01,160345.56411631728,38.073370174685095,0.006107631382149221,4.504401880303317,48.76395840623146,35004.0,2029-03-01,1.0207387738013762,0.9350381776290735,0.03258236521741418,32.840759545782795,184529.17535137298,68.63028787263248,4.42745665715829,0.0009385731189238571,0.055049911437371785,0.004256136406836916,0.1686182454141791,511.4998174811611,-1.105157118422671,1.1971708014204192,119.22170044675849
"[-91, -65]",2916804,487576664385.0,F99Q10000133,1999-09-01,167161.27116700335,32.87524118864346,0.006287361097968873,4.605223853916821,51.70073333386981,35004.0,2029-03-01,1.0200497076955728,0.9344621716097482,0.03107579391690357,32.98056111028739,187303.25520672626,69.38767045349343,4.508314789234601,0.0009866963978381817,0.05766071357554364,0.004354423540285875,0.17183499474081906,515.3498346474456,-0.7783466588773191,1.168038739542719,116.31364517329166
"[-65, -45]",2851802,487576667598.0,F99Q10000133,1999-08-01,170971.4305544354,30.38148861667114,0.006487126385352138,4.684928145782912,53.073139840526295,35004.0,2029-03-01,1.020352799627724,0.9321085404947468,0.03205131352036362,33.12623435978869,188921.82591919074,70.03660965963824,4.558714409778419,0.001145942109585448,0.059653159651336246,0.0047082511338444955,0.17328026279524314,516.3312332495614,-0.5507856418503108,1.147783154094512,114.29095827562644
"[-45, -29]",2745366,487576353564.0,F99Q10000133,1999-07-01,177599.76395278444,29.06174622982874,0.006980125782864653,4.708733294941366,55.348557531717894,35004.0,2029-03-01,1.021183264084838,0.9287621395471496,0.03513557026640528,33.41470834521008,194872.73172320193,70.99818233536755,4.563010799409018,0.0009645344190902051,0.06242810612501211,0.004944695898470368,0.18061562647748972,519.2489244560358,-0.373106989559862,1.1357263123453467,113.08923261445099
"[-29, -14]",2709386,487576791220.0,F99Q10000133,2001-01-01,179958.40800092716,28.895038211609567,0.0072724964253893685,4.76182183048115,56.553210415944726,35004.0,2029-03-01,1.0226935998600337,0.9245054045455318,0.03909963364393261,33.61702093252293,196828.40724798903,71.77234217702748,4.602677331574536,0.000955197967362347,0.0644278814462022,0.0051376954040509544,0.18352829755523944,521.602164567035,-0.21976653345075234,1.1279504365281643,112.31541243370546
"[-14, 0]",2675476,487576555714.0,F99Q10000021,2002-07-01,182239.18125746597,29.07844585412091,0.008297588915019234,4.733925245451651,56.58250140200518,35004.0,2029-02-01,1.023787915260598,0.9207983925103421,0.042470199695306556,33.70973836383148,199660.35875485334,72.32118453031632,4.553933492667649,0.0009067545363890388,0.06623195274410984,0.005194589673015194,0.18657203428474037,523.1463120451004,-0.07860744985191422,1.1229356037956357,111.8193709866771
"[0, 12]",2731924,487576684563.0,F99Q10000133,1999-04-01,178473.7366643435,29.724967824873605,0.00909725160729215,4.854262868952431,57.18571098450523,35004.0,2029-03-01,1.0254339911074928,0.9159427568263246,0.04709171997464058,33.90522149582433,195746.9164588766,73.10108663291622,4.693222725862814,0.0009286495524765696,0.06740011801206769,0.005511866362314618,0.1815771595403093,521.84956839657,0.05965952328834915,1.1174523798353408,111.27399143651779
"[12, 27]",2733699,487576562235.0,F99Q10000021,2002-08-01,178357.80831576555,31.002245309377514,0.010624432316798594,4.934540874105013,57.778472218923525,35004.0,2029-02-01,1.026633898040943,0.912265761519465,0.05048580695972746,34.141875143643304,196455.13679450445,73.70537834640172,4.7886576236997715,0.0008911003003622564,0.0686659357888341,0.0057683746454895,0.18264190753993034,521.7461325927441,0.1995324620596488,1.1103287039252578,110.56049930283213
"[27, 41]",2772480,487576615066.0,F99Q10000021,2002-09-01,175862.98731316367,34.23027073234072,0.012466095337026778,4.936746851194599,57.295389077501255,35004.0,2029-02-01,1.0287576630408317,0.904662612534626,0.057170475530932595,34.432395190815555,195544.80537280702,74.52368434687544,4.821396660234482,0.0008652902816251154,0.07060141101108033,0.005885705216989843,0.1841102550784857,522.1641063578378,0.3439936353012465,1.1122078524058117,110.74060592128299
"[41, 57]",2867661,487576320464.0,F99Q10000021,2002-10-01,170025.7877287448,37.852318317960176,0.014957834974217665,4.9989573938481575,56.104296062357676,35004.0,2029-02-01,1.0310620155714623,0.898692697637552,0.06310229835395467,34.55446339165542,191385.99750807366,74.87913138899302,4.886078846659151,0.0009934926059949206,0.07134211470602697,0.006038719360482289,0.17961746524432282,521.1797738820952,0.4992543970504184,1.117211781920748,111.23400741306595
"[57, 77]",3023181,487576771051.0,F99Q10000021,2003-02-01,161279.3845459468,41.94975358736377,0.018391555120252475,5.211074199659233,55.42816413496864,48864.0,2029-02-01,1.0336725174829802,0.892376605965703,0.06870676945905654,34.804121165118254,183906.45151580404,75.22597035447096,5.10331372470685,0.0012152762272586392,0.0728927576615492,0.006397566007460354,0.16969079919462315,518.7162948582369,0.6746970874386945,1.112837509854671,110.79194178374345
"[77, 98]",3122797,487576627487.0,F99Q10000021,2003-03-01,156134.5894360088,47.84112447911279,0.021401327079537992,5.235250510039557,53.426987911779875,48864.0,2029-02-01,1.0355118308185738,0.8862285957108323,0.073475477272458,35.00944701756558,181328.80043115193,75.53587131123199,5.147263127427898,0.0012725771159636697,0.07488703236233415,0.0065857626992724795,0.16669479316138705,517.0974583761378,0.8723589911544041,1.1163933011409473,111.14422701176314
"[98, 127]",3355240,487576667591.0,F99Q10000021,2003-06-01,145317.9705746832,54.46362436070147,0.02522204074820281,5.399015181924393,52.5790597164687,48864.0,2029-02-01,1.0393941931939876,0.8774770210178705,0.08059006211180124,35.316570406497895,172036.84386213802,75.84580673822562,5.296049501948621,0.001680654737067989,0.07787699240590837,0.0076078015283556465,0.1557086825383579,513.5757058321049,1.1191867329907845,1.1135222081815679,110.85463677368489
"[127, 171]",3678084,487576641016.0,F99Q10000021,2003-07-01,132562.6714930926,66.36706203555981,0.025225090019695036,5.616511573960791,49.63918545986436,33460.0,2029-02-01,1.0450822814442469,0.8636069758058815,0.09186658053486543,35.91217981182874,161224.34642601962,75.83479092264115,5.5325063595523645,0.0020056638184446033,0.08164359487167776,0.009848062197600708,0.1402659645619839,507.6497418646864,1.4750135134216618,1.0905345387100462,108.55470985725529
"[171, 9412]",4565088,487576616076.0,F99Q10000933,2010-08-01,106805.52402845246,93.24858337889653,0.022931211840823224,6.2427568268125375,44.55029555960218,33460.0,2014-02-01,1.0572176488370362,0.8261253671342151,0.12586723410370185,36.670059771690894,134800.97689244983,75.42347146188305,6.1174885408680595,0.0045593863688936555,0.08777224009701456,0.02079850377473556,0.10566871876292418,494.5253274991506,2.333467074457272,1.0551844927664635,105.01894547016906
