Bucket,Count,Total Weight,loan_id (Representative Value),monthly_reporting_period (Representative Value),current_actual_upb (Average),loan_age (Average),zero_flag (Average),current_interest_rate (Average),estimated_ltv (Average),msa (Representative Value),maturity_date (Representative Value),num_units (Average),occupancy_primary (Average),occupancy_investment (Average),orig_dti (Weighted Average),orig_upb (Average),orig_ltv (Weighted Average),orig_interest_rate (Weighted Average),prepayment_penalty (Average),property_type_co_cp (Average),property_type_mh (Average),property_type_pu (Average),postal_code (Average),incentive (Average),price_delta (Weighted Average),r_incentive (Weighted Average)
"[35, 88]",3229936,487576343972.0,F99Q10216566,2011-11-01,150955.41954143983,57.9950206443719,0.018619563978976673,5.828737713688445,57.81095173520255,12060.0,2014-04-01,1.036248874198471,0.8794344531904038,0.06410529496559685,36.681208177452106,174171.22599333237,70.3917873387134,5.833284455695851,0.0032403118823407027,0.09512758147529858,0.01401668639873979,0.1328664097369112,544.9270654279218,1.3530772089601777,0.7770304357098345,124.90566877482752
"[88, 95]",2995417,487576637884.0,F99Q10174200,2009-11-01,162774.21069720844,43.11030651158086,0.015822838689905278,5.376031346219909,60.85994823885873,12060.0,2014-03-01,1.0302617851735747,0.9036324491715176,0.05313550667569824,35.11208131049354,182785.29333311523,70.8933874581044,5.332154170125057,0.0013964666689145451,0.07387886227526919,0.008125412922474567,0.14246163388937166,499.82427989158106,0.7596676229052584,0.9284681101420843,53.567129564984995
"[95, 99]",2712098,487576727087.0,F99Q10083143,2001-08-01,179778.4324486062,33.02443532645207,0.012003622287985169,5.267837064884824,66.25709737865446,19124.0,2029-03-01,1.028157884742383,0.9109368466773693,0.05177836494108989,35.12694574392987,196475.23725175124,71.75257229248395,5.238413790317232,0.0010722326405609238,0.06514882574302255,0.007820882578726875,0.1680171586719949,514.5308805212791,0.2942803525167601,0.976515949998187,1.5758787230381868
"[99, 100]",2754294,487576631788.0,F99Q10000021,2002-07-01,177024.17816979595,14.617417022293191,0.006884522857763187,5.360588898280285,68.2897287339136,35004.0,2029-02-01,1.0255673266884549,0.9145708482827178,0.04929902181829536,34.35940126391195,184976.80676064355,72.36882363236221,5.280071772460149,0.0007417508806249442,0.06111874767181717,0.006433953673790816,0.1600965619501767,505.82228498104286,0.08739045268950953,0.9998431312844366,-1.4682460577484528
"[100, 101]",2346664,487576581672.0,F99Q10000021,2002-11-01,207774.34761516773,13.325172244513913,0.006854411198194544,5.037597533775606,70.80687777416776,35004.0,2029-02-01,1.0281142793827482,0.9103795856586201,0.056944666982576116,35.166274936014,215687.31186058166,74.13289099222328,4.894280843489948,0.0007542622207525236,0.07162422911844218,0.006744467891440785,0.19977593724538323,515.1830653941955,0.047160915239676394,1.007042882162041,-4.745867033664559
"[101, 102]",2455297,487576249439.0,F99Q10000021,2003-01-01,198581.37302289702,16.07967467886777,0.009013166227955314,4.774942578026201,69.0403821515003,27500.0,2029-02-01,1.0292266467252447,0.9049463262489222,0.060911164718565614,34.722762551681264,208687.2138075353,74.33757857626841,4.609795520416992,0.0007005262499811632,0.07219900484544232,0.005820477115395815,0.19978642095029644,503.56713552304944,0.01863233572150333,1.0201449668295752,-7.3670110260495525
"[102, 104]",2705509,487576870298.0,F99Q10000021,2003-05-01,180216.31800079023,24.133094364128894,0.011715355594825226,5.184946722040104,66.08464963058461,35004.0,2029-02-01,1.0286568135152168,0.9147942217157659,0.052856227792995696,34.70106172539326,193663.6144991571,73.32285423552422,4.952337913109148,0.0011979261573330563,0.06670500818884727,0.007163531889932726,0.1681546799511663,505.42276757530374,-0.08507591307217972,1.0350772189248938,-29.77923984352003
"[104, 106]",2552584,487576750722.0,F99Q10000133,1999-08-01,191013.00906140602,22.7009124871111,0.011826055479467081,4.753191494187851,64.77173262506588,35004.0,2029-03-01,1.0295282392755476,0.9075540706985549,0.05943820066254431,34.48786337417151,204949.22674435005,73.9767239576865,4.481488853753915,0.0008873361268424467,0.06985392057616908,0.0056856111297414694,0.19048266384181675,502.10344157525714,-0.18374719284458416,1.0513588307073896,-38.29539913301797
"[106, 108]",2685073,487576469171.0,F99Q10000133,2000-04-01,181587.78892454694,29.736813859436968,0.011474920793587362,4.69730663263159,62.18277874471134,35004.0,2029-03-01,1.0285509546904714,0.9105219858082071,0.05578321334280297,34.242412112829314,198464.09352743856,73.3132787688848,4.41199307320302,0.001142613254835157,0.06869347686264024,0.0061733889544157644,0.17982714064012412,502.3434237832539,-0.25021238808032414,1.0702044243580833,-49.86366136072148
"[108, 110]",2854552,487576672099.0,F99Q10000133,2000-06-01,170806.7227708586,34.604563167880634,0.013357612683181109,4.8114487604359635,60.07126700819545,35004.0,2029-03-01,1.0288318675901964,0.913393415148857,0.05356742494093644,33.88022532531122,189830.43573912824,72.7337795560785,4.45316789287171,0.001451015781110311,0.06550730202147308,0.006218488925757877,0.16839069668375284,503.3903687300598,-0.2412431330730707,1.0908965699012703,-55.62818806834099
"[110, 112]",2772924,487576585691.0,F99Q10000133,2000-07-01,175834.8175755989,37.482634576353334,0.012349779510725863,4.578038430912639,58.01354165888357,35004.0,2029-03-01,1.0296955751829397,0.9077551350127158,0.057381666428650765,33.96773668847551,196769.63811485638,73.0475953456539,4.2740206306587725,0.0010764809998398803,0.06750996421106384,0.00628506226640182,0.18183513143526472,501.0648013311667,-0.3142767093508514,1.113548988077277,-61.32918729369363
"[112, 115]",2792660,487576462889.0,F99Q10000133,2000-09-01,174592.13183452334,40.22785695358547,0.013405140618621672,4.6405997400328,55.89599016421939,35004.0,2029-03-01,1.0293734695909194,0.9116688032198692,0.054399389829051875,33.84722432506583,197032.70358726088,72.38332472470152,4.224161195412163,0.0012160449177486697,0.06611116283400056,0.006341266033101057,0.17681636862346292,507.8461165766474,-0.47565395984473585,1.138843557729687,-89.75115716044394
"[115, 118]",2757495,487576797358.0,F99Q10000133,2001-05-01,176818.7421402396,43.287574773481005,0.012756868099488847,4.417576522169577,53.55955258320623,35004.0,2029-03-01,1.0295056532827338,0.907515698124566,0.057615335657906906,33.68895718981447,201810.22377193795,72.63943290585775,4.06330979240047,0.0009740724824523707,0.06819812909905548,0.005960119601304808,0.18534285646936804,508.57067446127957,-0.5278159695665814,1.168078238995681,-92.62707607461171
"[118, 122]",2685913,487576546711.0,F99Q10000133,2001-07-01,181531.0275169002,44.58565150844424,0.012872717768594888,4.3333315163223824,51.61597626061606,35004.0,2029-03-01,1.029661258332269,0.9086567584281398,0.056909885018613784,33.73315827789491,208021.27172399106,72.2862879671187,3.9371602333952485,0.0011381604690844417,0.06871592639076544,0.005473371624471828,0.19417345237913514,515.5840798868758,-0.7514704377989906,1.2016010362307212,-121.89544856460208
"[122, 126]",2849909,487576625464.0,F99Q10000933,2002-04-01,171084.98042007658,51.5145374817231,0.013377269239123074,4.41023181161223,48.908375734909455,48864.0,2014-02-01,1.0298175045065057,0.9079900445944064,0.056027052091838725,33.55643886436732,200592.45119756454,72.00974392288742,4.021715322953493,0.0010796835969148488,0.06821340611226534,0.006069667487628552,0.18411254534793917,510.78603560295255,-0.6558399040109701,1.2410426554627263,-117.22855187510261
"[126, 131]",2817783,487576478152.0,F99Q10000933,2002-06-01,173035.49569005135,53.62552439275842,0.013052105147912383,4.300116500454435,46.73343052457177,48864.0,2014-02-01,1.030327712923252,0.9052325888828203,0.05844878757519653,33.481180075377246,204605.00861847773,72.31988426459837,3.9320477098223954,0.0011498401402804971,0.068981181304593,0.005575660013563855,0.19300137732394582,522.4672840347396,-0.7956636900357481,1.2873342631026938,-131.5480324844479
"[131, 138]",2882208,487576676972.0,F99Q10000933,2003-03-01,169167.76199774616,58.30912480986799,0.012852993260722334,4.30920030441939,44.20289654271601,48864.0,2014-02-01,1.0311290891735725,0.9014547180494954,0.060548024292486874,33.470821587683126,203132.41861794845,72.12925196011243,3.940936070579211,0.0011161581676270415,0.06953002697931586,0.005783760228269438,0.19877711809834683,523.5128785705042,-0.8674833957160621,1.3460027348295303,-141.46563671647698
"[138, 147]",3011424,487576632854.0,F99Q10000933,2003-08-01,161908.9948323451,66.29103175109184,0.012480806422476542,4.338613218862571,40.908158647334986,48864.0,2014-02-01,1.033084640889262,0.8956058661948633,0.0644960656486765,33.53401705322984,199887.35893716727,72.77499379304253,4.020237190474221,0.0012482466766552966,0.07230433177128162,0.0058374377038902525,0.20800591348146258,533.1985250069403,-0.8178761099400153,1.4255419000644536,-132.90643550075816
"[147, 165]",3323532,487576501065.0,F99Q10000933,2004-06-01,146704.31970114924,78.20007901232785,0.012375388592617734,4.487582730661236,36.25216468570028,48864.0,2014-02-01,1.03607016821692,0.8864286548166228,0.07030863551185908,33.712358741549416,189663.8512883282,73.1217761629655,4.2355356220098495,0.001284175991084184,0.07574592331290927,0.006849339798744227,0.20072441005532668,529.8523098799882,-0.7709824020048552,1.552042105623778,-115.77034115304077
"[165, 499]",4174268,487576755960.0,F99Q10000933,2005-06-01,116805.33112871526,113.30278218839806,0.012186807363590456,4.462960882003744,25.952824540591642,48864.0,2014-02-01,1.0383124285157779,0.8735689706554538,0.08076266305852907,33.68678919012961,176349.08252177387,75.15095633909877,4.360942095763677,0.001089532344353549,0.07067370854003624,0.008274265092706075,0.1903346886208552,568.5858658332431,-1.0437862373714384,1.9499156212783029,-108.41762095032009
